<?xml version="1.0" encoding="UTF-8"?>
<project-private xmlns="http://www.netbeans.org/ns/project-private/1">
    <editor-bookmarks xmlns="http://www.netbeans.org/ns/editor-bookmarks/2" lastBookmarkId="0"/>
    <open-files xmlns="http://www.netbeans.org/ns/projectui-open-files/2">
        <group>
            <file>file:/C:/Users/Lenovo/Downloads/EMS-OOP-BTL-master/EMS-OOP-BTL-master/BTL_OOP_GUI/src/Class/DSNhanVien.java</file>
            <file>file:/C:/Users/Lenovo/Downloads/EMS-OOP-BTL-master/EMS-OOP-BTL-master/BTL_OOP_GUI/src/Class/main.java</file>
            <file>file:/C:/Users/Lenovo/Downloads/EMS-OOP-BTL-master/EMS-OOP-BTL-master/BTL_OOP_GUI/src/Class/NhanVien.java</file>
            <file>file:/C:/Users/Lenovo/Downloads/EMS-OOP-BTL-master/EMS-OOP-BTL-master/BTL_OOP_GUI/src/Class/data.txt</file>
            <file>file:/C:/Users/Lenovo/Downloads/EMS-OOP-BTL-master/EMS-OOP-BTL-master/BTL_OOP_GUI/src/Class/DSLuong.java</file>
            <file>file:/C:/Users/Lenovo/Downloads/EMS-OOP-BTL-master/EMS-OOP-BTL-master/BTL_OOP_GUI/src/gui/Login.java</file>
            <file>file:/C:/Users/Lenovo/Downloads/EMS-OOP-BTL-master/EMS-OOP-BTL-master/BTL_OOP_GUI/src/Class/dsLuong.txt</file>
            <file>file:/C:/Users/Lenovo/Downloads/EMS-OOP-BTL-master/EMS-OOP-BTL-master/BTL_OOP_GUI/src/gui/AdminFrame1.java</file>
            <file>file:/C:/Users/Lenovo/Downloads/EMS-OOP-BTL-master/EMS-OOP-BTL-master/BTL_OOP_GUI/src/Class/DSPhongBan.java</file>
            <file>file:/C:/Users/Lenovo/Downloads/EMS-OOP-BTL-master/EMS-OOP-BTL-master/BTL_OOP_GUI/src/Class/Luong.java</file>
        </group>
    </open-files>
</project-private>
